<?xml version="1.0" encoding="UTF-8"?>
<project-private xmlns="http://www.netbeans.org/ns/project-private/1">
    <editor-bookmarks xmlns="http://www.netbeans.org/ns/editor-bookmarks/2" lastBookmarkId="0"/>
    <open-files xmlns="http://www.netbeans.org/ns/projectui-open-files/2">
        <group>
            <file>file:/Users/honza/Downloads/PVA-4-main/Game%20Of%20Life/MAT_Game_Of_Life/src/view/Platno.java</file>
            <file>file:/Users/honza/Downloads/PVA-4-main/Game%20Of%20Life/MAT_Game_Of_Life/src/mat_game_of_life/Model.java</file>
            <file>file:/Users/honza/Downloads/PVA-4-main/Game%20Of%20Life/MAT_Game_Of_Life/src/mat_game_of_life/MAT_Game_Of_Life.java</file>
            <file>file:/Users/honza/Downloads/PVA-4-main/Game%20Of%20Life/MAT_Game_Of_Life/src/view/View.java</file>
        </group>
    </open-files>
</project-private>
